No.,Protein short name,PDB,Class,Fold,Lpdb,L,pH,"Temp
(¬∞C)","Folding
type",ln(kf),"ln(kf)
(25¬∞C)",Unnamed: 12,ln(ku),"ln(ku)
(25¬∞C)",Unnamed: 15,Œ≤T,pH.1,"Temp
(¬∞C).1","Folding
type.1","ln(kf)
",PDB Sequence,Comment,Sub-Sequence Used In Experiment,Length of Sub-Sequence Used In Experiment
1,Arc repressor¬†[1],1ARR_mod (1‚Äì106),Œ±,Ribbon-helix-helix¬†,106,125,7.5,25.0,2S,9.2,,,0.34,,,0.78,"‚Äî
 NA","‚Äî
 NA","‚Äî
 NA","‚Äî
 NA",WEIRD,"The folding experiments were carried out for the monomeric form of Arc repressor. 1ARR_mod indicates the PDB coordinates of the monomeric form, and the amino-acid residue number was renumbered accordingly.",WEIRD,89
2,TRF1 (Human)¬†[2],1BA5,Œ±,DNA/RNA-binding 3-helical bundle,53,53,5.7,25.0,2S,5.9,,,1.2,,,0.9,‚Äî,‚Äî,‚Äî,‚Äî,RKRQAWLWEEDKNLRSGVRKYGEGNWSKILLHYKFNNRTSVMLKDRWRTMKKL,,RKRQAWLWEEDKNLRSGVRKYGEGNWSKILLHYKFNNRTSVMLKDRWRTMKKL,89
3,R16¬†[3],1CUN (7‚Äì112),Œ±,Spectrin repeat-like,106,116,7.0,25.0,2S*,4.8,,,-6.0,,,0.63,‚Äî,‚Äî,‚Äî,‚Äî,WEIRD,,WEIRD,89
4,R17¬†[3],1CUN (113‚Äì219),Œ±,Spectrin repeat-like,107,116,7.0,25.0,2S,3.4,,,-7.8,,,0.61,‚Äî,‚Äî,‚Äî,‚Äî,WEIRD,,WEIRD,89
5,FADD¬†[4],1E41_ (93‚Äì192),Œ±,DEATH domain¬†,100,100,7.0,25.0,2S,6.9,,,-3.2,,,0.76,‚Äî,‚Äî,‚Äî,‚Äî,WEIRD,,WEIRD,89
6,RAP1 (Human)¬†[2],1FEX,Œ±,DNA/RNA-binding 3-helical bundle,59,59,5.7,25.0,2S,8.2,,,2.9,,,0.82,‚Äî,‚Äî,‚Äî,‚Äî,GRIAFTDADDVAILTYVKENARSPSSVTGNALWKAMEKSSLTQHSWQSLKDRYLKHLRG,,GRIAFTDADDVAILTYVKENARSPSSVTGNALWKAMEKSSLTQHSWQSLKDRYLKHLRG,89
7,c-Myb¬†[2],1IDY,Œ±,DNA/RNA-binding 3-helical bundle,54,54,5.7,25.0,2S,8.7,,,1.7,,,0.79,‚Äî,‚Äî,‚Äî,‚Äî,MEVKKTSWTEEEDRILYQAHKRLGNRWAEIAKLLPGRTDNAIKNHWNSTMRRKV,,MEVKKTSWTEEEDRILYQAHKRLGNRWAEIAKLLPGRTDNAIKNHWNSTMRRKV,89
8,Im9¬†[5],1IMQ,Œ±,Acyl carrier protein-like¬†,86,93,7.0,25.0,2S,7.33,,,-1.87,,,0.95,‚Äî,‚Äî,‚Äî,‚Äî,MELKHSISDYTEAEFLQLVTTICNADTSSEEELVKLVTHFEEMTEHPSGSDLIYYPKEGDDDSPSGIVNTVKQWRAANGKSGFKQG,,MELKHSISDYTEAEFLQLVTTICNADTSSEEELVKLVTHFEEMTEHPSGSDLIYYPKEGDDDSPSGIVNTVKQWRAANGKSGFKQG,89
9,V1sE (Borrelia burgdorferi)¬†[5],1L8W (Chain B: 29‚Äì335),Œ±,Variable surface antigen VlsE,307,338,7.0,20.0,2S,2.0,3.6,3.6,-8.5,-5.0,-5.2,0.64,‚Äî,25,‚Äî,‚Äî,MRGSHHHHHHGSSQVADKDDPTNKFYQSVIQLGNGFLDVFTSFGGLVAEAFGFKSDPKKSDVKTYFTTVAAKLEKTKTDLNSLPKEKSDISSTTGKPDSTGSVGTAVEGAIKEVSELLDKLVKAVKTAEGASSGTAAIGEVVADADAAKVADKASVKGIAKGIKEIVEAAGGSEKLKAVAAAKGENNKGAGKLFGKAGAAAHGDSEAASKAAGAVSAVSGEQILSAIVTAADAAEQDGKKPEEAKNPIAAAIGDKDGGAEFGQDEMKKDDQIAAAIALRGMAKDGKFAVKDGEKEKAEGAIKGAAESAVRKVLGAITGLIGDAVSSGLRKVGDSVKAASKETPPALNK,"According to Maxwell et al.¬†(5), the V1sE data were adopted from reference (6), where the measurement temperature was 20¬∞C. Hence, we reported 20¬∞C as the measurement temperature, although the AG dataset reported 25¬∞C.",VIQLGNGFLDVFTSFGGLVAEAFGFKSDPKKSDVKTYFTTVAAKLEKTKTDLNSLPKEKSDISSTTGKPDSTGSVGTAVEGAIKEVSELLDKLVKAVKTAEGASSGTAAIGEVVADADAAKVADKASVKGIAKGIKEIVEAAGGSEKLKAVAAAKGENNKGAGKLFGKAGAAAHGDSEAASKAAGAVSAVSGEQILSAIVTAADAAEQDGKKPEEAKNPIAAAIGDKDGGAEFGQDEMKKDDQIAAAIALRGMAKDGKFAVKDGEKEKAEGAIKGAAESAVRKVLGAITGLIGDAVSSGLRKVGDSV,307
10,Œª-Repressor¬†[5],1LMB (6‚Äì85),Œ±,Lambda repressor-like DNA-binding domains,80,80,8.0,25.0,2S,10.4,,,3.2,,,0.72,‚Äî,‚Äî,‚Äî,‚Äî,STKKKPLTQEQLEDARRLKAIYEKKKNELGLSQESVADKMGMGQSGVGALFNGINALNAYNAALLAKILKVSVEEFSPSIAREIYEMYEAVS,,PLTQEQLEDARRLKAIYEKKKNELGLSQESVADKMGMGQSGVGALFNGINALNAYNAALLAKILKVSVEEFSPSIAREIY,80
11,PAB¬†[7],1PRB (7‚Äì53),Œ±,Immunoglobulin/albumin-binding domain-like,47,47,7.0,74.5,2S,13.8,14.3,,9.9,4.7,,,"‚Äî
 NA","‚Äî
 NA","‚Äî
 NA","‚Äî
 NA",TIDQWLLKNAKEDAIAELKKAGITSDFYFNAINKAKTVEEVNALKNEILKAHA,,LKNAKEDAIAELKKAGITSDFYFNAINKAKTVEEVNALKNEILKAHA,47
12,Protein YjbJ¬†[5],1RYK,Œ±,SAM domain-like,69,89,7.0,25.0,2S,9.1,,,4.5,,,0.58,‚Äî,‚Äî,‚Äî,‚Äî,MNKDEAGGNWKQFKGKVKEQWGKLTDDDMTIIEGKRDQLVGKIQERYGYQKDQAEKEVVDWETRNEYRW,,MNKDEAGGNWKQFKGKVKEQWGKLTDDDMTIIEGKRDQLVGKIQERYGYQKDQAEKEVVDWETRNEYRW,89
13,IGBPA¬†[8],1SS1 (2‚Äì60),Œ±,Immunoglobulin/albumin-binding domain-like,59,60,5.5,25.0,2S,11.5,,,3.2,,,0.83,"‚Äî
 5.0","‚Äî
 37.0",‚Äî,"‚Äî
 11.7",GSTADNKFNKEQQNAFWEILHLPNLNEEQRNGFIQSLKDDPSQSANLLAEAKKLNDAQAPKA,"The ACPro and our datasets have adopted the data from reference (8), which is more updated than reference (9) adopted by the Garbuzynskiy dataset.",STADNKFNKEQQNAFWEILHLPNLNEEQRNGFIQSLKDDPSQSANLLAEAKKLNDAQAP,59
14,ACBP (Yeast)¬†[10],1ST7,Œ±,Acyl-CoA binding protein-like¬†,86,86,5.3,5.0,2S,8.5,10.9,10.8,-6.4,-3.0,-2.8,0.6,‚Äî,‚Äî,N2S,‚Äî,VSQLFEEKAKAVNELPTKPSTDELLELYALYKQATVGDNDKEKPGIFNMKDRYKWEAWENLKGKSQEDAEKEYIALVDQLIAKYSS,"This protein was classified as a N2S protein in the AG dataset, but our dataset classified the protein as a 2S protein, because the authors of reference (10) did not observe any intermediates during kinetic refolding.",VSQLFEEKAKAVNELPTKPSTDELLELYALYKQATVGDNDKEKPGIFNMKDRYKWEAWENLKGKSQEDAEKEYIALVDQLIAKYSS,89
15,R15¬†[3],1U4Q (1662‚Äì1771),Œ±,Spectrin repeat-like,110,116,7.0,25.0,2S,11.0,,,0.26,,,0.65,‚Äî,‚Äî,‚Äî,‚Äî,WEIRD,,WEIRD,89
16,HP-35 (Chicken)¬†[11],1VII (42‚Äì76),Œ±,Villin headpiece domain¬†,35,35,4.9,27.0,2S,12.3,12.3,,7.1,7.0,,,"5.3
 NA","49.9
 NA",‚Äî,"12.6
 NA",WEIRD,"Both the ACPro and our datasets have adopted the data from reference (11), which reports the ln(kf) values at 27 and 49.9¬∞C. We adopted the data at 27¬∞C, while the ACPro dataset adopted those at 49.9¬∞C.",WEIRD,89
17,PSBD (Bacillus stearothermophilus)¬†[12],1W4E,Œ±,Peripheral subunit-binding domain of 2-oxo acid dehydrogenase complex,45,45,5.5,25.0,2S,10.2,,,3.0,,,0.65,"7.9
 NA","41
 NA",‚Äî,"9.69
 NA",WEIRD,"We have adopted the data from reference (12), which is more updated than reference (13) adopted by the AG dataset.",WEIRD,89
18,PSBD (Pyrobaculum aerophilum)¬†[14],1W4J,Œ±,Peripheral subunit-binding domain of 2-oxo acid dehydrogenase complex,51,51,5.7,25.0,2S,12.3,,,6.3,,,0.8,‚Äî,‚Äî,‚Äî,‚Äî,GSREVAAMPAARRLAKELGIDASKVKGTGPGGVITVEDVKRWAEETAKATA,,GSREVAAMPAARRLAKELGIDASKVKGTGPGGVITVEDVKRWAEETAKATA,89
19,Rd-apocyt¬†b562¬†[15],1YYJ,Œ±,Designed single chain four-helix bundle,106,106,5.2,25.0,2S,8.4,,,-7.5,,,0.47,"‚Äî
 NA","‚Äî
 NA","‚Äî
 NA","‚Äî
 NA",ADLEDNWETLNDNLKVIEKADNAAQVKDALTKMRAAALDAQKATPPKLEDKSPDSPEMKDFRHGFDILVGQIDDALKLANEGKVKEAQAAAEQLKTTIRAYNQKYG,,ADLEDNWETLNDNLKVIEKADNAAQVKDALTKMRAAALDAQKATPPKLEDKSPDSPEMKDFRHGFDILVGQIDDALKLANEGKVKEAQAAAEQLKTTIRAYNQKYG,89
20,De novo bundle a3d¬†[16],2A3D,Œ±,Designed single chain three-helix bundle,73,73,2.6,25.0,2S,12.2,,,7.8,,,,"‚Äî
 NA","44
 NA",‚Äî,"12.50
 NA",MGSWAEFKQRLAAIKTRLQALGGSEAELAAFEKEIAAFESELQAYKGKGNPEVEALRKEAAAIRDELQAYRHN,"Both the ACPro and our datasets have adopted the data from reference (16), which reports the ln(kf) values at 25 and 44¬∞C. We adopted the data at 25¬∞C, while the ACPro dataset adopted those at 44¬∞C.",MGSWAEFKQRLAAIKTRLQALGGSEAELAAFEKEIAAFESELQAYKGKGNPEVEALRKEAAAIRDELQAYRHN,89
21,C-NPM1¬†[17],2LLH (19‚Äì70),Œ±,DNA binding protein chaperone,52,52,7.0,10.0,2S,7.0,7.9,8.1,1.1,2.6,2.1,0.74,,,,,GSHMQESFKKQEKTPKTPKGPSSVEDIKAKMQASIEKGGSLPKVEAKFINYVKNCFRMTDQEAIQDLWQWRKSL,,KGPSSVEDIKAKMQASIEKGGSLPKVEAKFINYVKNCFRMTDQEAIQDLWQW,52
22,BBL¬†[18],2WXC,Œ±,Peripheral subunit-binding domain of 2-oxo acid dehydrogenase complex,47,47,7.0,25.0,2S,11.7,,,7.6,,,0.72,‚Äî,10,‚Äî,11.2,GSQNNDALSPAIRRLLAEWNLDASAIKGTGVGGRLTREDVEKHLAKA,"The same experimental group reported the ln(kf) values at 25¬∞C (18) and 10¬∞C (19). We adopted the data at 25¬∞C, but the AG dataset adopted those at 10¬∞C It has also been reported that BBL exhibits down-hill folding without a significant free-energy barrier, depending on solution conditions (71,72).",GSQNNDALSPAIRRLLAEWNLDASAIKGTGVGGRLTREDVEKHLAKA,89
23,SAP domain of THO1¬†[20],2WQG,Œ±,LEM/SAP HeH motif,51,51,6.0,20.0,2S,8.5,8.8,8.8,4.1,4.6,4.6,0.67,,,,,GSADYSSLTVVQLKDLLTKRNLSVGGLKNEWVQRLIKDDEESKGESEVSPQ,,GSADYSSLTVVQLKDLLTKRNLSVGGLKNEWVQRLIKDDEESKGESEVSPQ,89
24,KIX domain¬†[21],1KDX (586‚Äì666),Œ±,Kix domain of CBP (creb binding protein),80,86,7.2,20.0,2S,7.8,8.2,8.3,2.6,3.5,3.1,0.79,,,,,WEIRD,,WEIRD,89
25,RNase HII (Thermococcus kodakaraensis)¬†[22],1IO2,Œ±/Œ≤,Ribonuclease H-like motif,213,228,9.0,50.0,2S,-0.25,-1.4,-1.5,-16.8,-29.8,-28.5,0.66,,,,,MKIAGIDEAGRGPVIGPMVIAAVVVDENSLPKLEELKVRDSKKLTPKRREKLFNEILGVLDDYVILELPPDVIGSREGTLNEFEVENFAKALNSLKVKPDVIYADAADVDEERFARELGERLNFEAEVVAKHKADDIFPVVSAASILAKVTRDRAVEKLKEEYGEIGSGYPSDPRTRAFLENYYREHGEFPPIVRKGWKTLKKIAEKVESEKK,,MKIAGIDEAGRGPVIGPMVIAAVVVDENSLPKLEELKVRDSKKLTPKRREKLFNEILGVLDDYVILELPPDVIGSREGTLNEFEVENFAKALNSLKVKPDVIYADAADVDEERFARELGERLNFEAEVVAKHKADDIFPVVSAASILAKVTRDRAVEKLKEEYGEIGSGYPSDPRTRAFLENYYREHGEFPPIVRKGWKTLKKIAEKVESEKK,89
26,Myotrophin [23],2MYO,Œ±+Œ≤,¬†Œ≤-Hairpin-alpha-hairpin repeat¬†,118,118,7.5,25.0,2S*,4.8,,,-5.3,,,0.47,"NA
 ‚Äî","NA
 ‚Äî","NA
 N2S","NA
 ‚Äî",MCDKEFMWALKNGDLDEVKDYVAKGEDVNRTLEGGRKPLHYAADCGQLEILEFLLLKGADINAPDKHHITPLLSAVYEGHVSCVKLLLSKGADKTVKGPDGLTALEATDNQAIKALLQ,"This protein is classified as a N2S protein in the Garbuzynskiy dataset. Since the intermediate is a high-energy state not significantly populated during folding, it is classified as a 2S protein in our dataset.",MCDKEFMWALKNGDLDEVKDYVAKGEDVNRTLEGGRKPLHYAADCGQLEILEFLLLKGADINAPDKHHITPLLSAVYEGHVSCVKLLLSKGADKTVKGPDGLTALEATDNQAIKALLQ,89
27,Urm1¬†[5],2QJL,Œ±+Œ≤,¬†Œ≤-Grasp (ubiquitin-like)¬†,99,101,7.0,25.0,2S,2.6,,,3.3,,,0.57,"‚Äî
 NA","‚Äî
 NA","‚Äî
 NA","‚Äî
 NA",MVNVKVEFLGGLDAIFGKQRVHKIKMDKEDPVTVGDLIDHIVSTMINNPNDVSIFIEDDSIRPGIITLINDTDWELEGEKDYILEDGDIISFTSTLHGG,,MVNVKVEFLGGLDAIFGKQRVHKIKMDKEDPVTVGDLIDHIVSTMINNPNDVSIFIEDDSIRPGIITLINDTDWELEGEKDYILEDGDIISFTSTLHGG,89
28,ACYP2 (Horse)¬†[5],1APS,Œ±+Œ≤,Ferredoxin-like,98,99,7.0,25.0,2S,-1.6,,,-9.0,,,0.24,‚Äî,‚Äî,‚Äî,‚Äî,STARPLKSVDYEVFGRVQGVCFRMYAEDEARKIGVVGWVKNTSKGTVTGQVQGPEEKVNSMKSWLSKVGSPSSRIDRTNFSNEKTISKLEYSNFSVRY,,STARPLKSVDYEVFGRVQGVCFRMYAEDEARKIGVVGWVKNTSKGTVTGQVQGPEEKVNSMKSWLSKVGSPSSRIDRTNFSNEKTISKLEYSNFSVRY,89
29,FKBP12¬†[5],1D6O,Œ±+Œ≤,FKBP-like¬†,107,107,7.0,25.0,2S,1.6,,,-8.1,,,0.7,‚Äî,‚Äî,‚Äî,‚Äî,GVQVETISPGDGRTFPKRGQTCVVHYTGMLEDGKKFDSSRDRNKPFKFMLGKQEVIRGWEEGVAQMSVGQRAKLTISPDYAYGATGHPGIIPPHATLVFDVELLKLE,,GVQVETISPGDGRTFPKRGQTCVVHYTGMLEDGKKFDSSRDRNKPFKFMLGKQEVIRGWEEGVAQMSVGQRAKLTISPDYAYGATGHPGIIPPHATLVFDVELLKLE,89
30,NTL9 [5],1DIV (1‚Äì56),Œ±+Œ≤,MbtH/L9 domain-like,56,56,7.0,25.0,2S,6.55,,,0.1,,,0.72,‚Äî,‚Äî,‚Äî,‚Äî,MKVIFLKDVKGKGKKGEIKNVADGYANNFLFKQGLAIEATPANLKALEAQKQKEQRQAAEELANAKKLKEQLEKLTVTIPAKAGEGGRLFGSITSKQIAESLQAQHGLKLDKRKIELADAIRALGYTNVPVKLHPEVTATLKVHVTEQK,,MKVIFLKDVKGKGKKGEIKNVADGYANNFLFKQGLAIEATPANLKALEAQKQKEQR,56
31,"CTL9¬†[5, 24]",1DIV (58‚Äì149),Œ±+Œ≤,Ribosomal protein L9 C-domain,92,92,8.0,25.0,2S,3.3,,,-7.9,,,0.69,‚Äî,‚Äî,‚Äî,‚Äî,MKVIFLKDVKGKGKKGEIKNVADGYANNFLFKQGLAIEATPANLKALEAQKQKEQRQAAEELANAKKLKEQLEKLTVTIPAKAGEGGRLFGSITSKQIAESLQAQHGLKLDKRKIELADAIRALGYTNVPVKLHPEVTATLKVHVTEQK,,AAEELANAKKLKEQLEKLTVTIPAKAGEGGRLFGSITSKQIAESLQAQHGLKLDKRKIELADAIRALGYTNVPVKLHPEVTATLKVHVTEQK,92
32,CksHs1 (Human) [25],1DKT (5‚Äì76),Œ±+Œ≤,Cell cycle regulatory proteins¬†,72,79,7.5,10.0,2S,4.5,5.8,5.2,-2.7,-0.6,1.2,0.31,,,,,MSHKQIYYSDKYDDEEFEYRHVMLPKDIAKLVPKTHLMSESEWRNLGVQQSQGWVHYMIHEPEPHILLFRRPLPKKPKK,,QIYYSDKYDDEEFEYRHVMLPKDIAKLVPKTHLMSESEWRNLGVQQSQGWVHYMIHEPEPHILLFRRPLPKK,72
33,LysM domain [26],1E0G,Œ±+Œ≤,LysM domain¬†,48,64,7.0,10.5,2S,7.0,7.9,,2.2,3.5,3.3,0.69,‚Äî,‚Äî,‚Äî,‚Äî,DSITYRVRKGDSLSSIAKRHGVNIKDVMRWNSDTANLQPGDKLTLFVK,,DSITYRVRKGDSLSSIAKRHGVNIKDVMRWNSDTANLQPGDKLTLFVK,89
34,U1A¬†[5],1FHT (2‚Äì97),Œ±+Œ≤,Ferredoxin-like,96,102,7.0,25.0,2S,4.6,,,-11.7,,,0.53,‚Äî,‚Äî,‚Äî,‚Äî,AVPETRPNHTIYINNLNEKIKKDELKKSLYAIFSQFGQILDILVSRSLKMRGQAFVIFKEVSSATNALRSMQGFPFYDKPMRIQYAKTDSDIIAKMKGTFVERDRKREKRKPKSQE,,VPETRPNHTIYINNLNEKIKKDELKKSLYAIFSQFGQILDILVSRSLKMRGQAFVIFKEVSSATNALRSMQGFPFYDKPMRIQYAKTDSDIIAKMK,96
35,HPr [27],1HDN,Œ±+Œ≤,HPr-like,85,85,7.0,20.0,2S,2.7,3.3,,-6.2,-5.3,-5.3,0.64,‚Äî,‚Äî,‚Äî,‚Äî,MFQQEVTITAPNGLHTRPAAQFVKEAKGFTSEITVTSNGKSASAKSLFKLQTLGLTQGTVVTISAEGEDEQKAVEHLVKLMAELE,,MFQQEVTITAPNGLHTRPAAQFVKEAKGFTSEITVTSNGKSASAKSLFKLQTLGLTQGTVVTISAEGEDEQKAVEHLVKLMAELE,89
36,TM1083¬†[5],1J5U,Œ±+Œ≤,MTH1598-like,124,124,7.0,25.0,2S,6.9,,,-5.3,,,0.64,"‚Äî
 NA","‚Äî
 NA","‚Äî
 NA","‚Äî
 NA",WEIRD,,WEIRD,89
37,Ribosomal protein L23¬†(Thermus thermophilus)¬†[5],1N88,Œ±+Œ≤,"Ribosomal proteins S24e, L23 and L15e",96,96,7.0,25.0,2S,2.0,,,-3.9,,,0.75,‚Äî,‚Äî,‚Äî,‚Äî,MKTAYDVILAPVLSEKAYAGFAEGKYTFWVHPKATKTEIKNAVETAFKVKVVKVNTLHVRGKKKRLGRYLGKRPDRKKAIVQVAPGQKIEALEGLI,,MKTAYDVILAPVLSEKAYAGFAEGKYTFWVHPKATKTEIKNAVETAFKVKVVKVNTLHVRGKKKRLGRYLGKRPDRKKAIVQVAPGQKIEALEGLI,89
38,ADAh2¬†[5],1O6X,Œ±+Œ≤,Ferredoxin-like,81,81,7.0,25.0,2S,6.8,,,-0.42,,,0.74,‚Äî,‚Äî,‚Äî,‚Äî,MRSLETFVGDQVLEIVPSNEEQIKNLLQLEAQEHLQLDFWKSPTTPGETAHVRVPFVNVQAVKVFLESQGIAYSIMIEDVQ,,MRSLETFVGDQVLEIVPSNEEQIKNLLQLEAQEHLQLDFWKSPTTPGETAHVRVPFVNVQAVKVFLESQGIAYSIMIEDVQ,89
39,raf RBD [28],1RFA (56‚Äì130),Œ±+Œ≤,Œ≤-Grasp (ubiquitin-like),75,75,7.0,25.0,2S,7.7,,,-3.0,,,0.75,‚Äî,‚Äî,‚Äî,8.36,WEIRD,"We have adopted the data from reference (55), which is more updated than reference (5) adopted by the AG dataset.",WEIRD,89
40,Ribosomal protein S6 (Thermus thermophilus) [5],1RIS (1‚Äì97),Œ±+Œ≤,Ferredoxin-like¬†,97,101,7.0,25.0,2S,6.1,,,-8.3,,,0.69,‚Äî,‚Äî,‚Äî,‚Äî,MRRYEVNIVLNPNLDQSQLALEKEIIQRALENYGARVEKVEELGLRRLAYPIAKDPQGYFLWYQVEMPEDRVNDLARELRIRDNVRRVMVVKSQEPFLANA,,MRRYEVNIVLNPNLDQSQLALEKEIIQRALENYGARVEKVEELGLRRLAYPIAKDPQGYFLWYQVEMPEDRVNDLARELRIRDNVRRVMVVKSQEPF,97
41,Src SH2¬†[5],1SPR (2‚Äì104),Œ±+Œ≤,SH2-like,103,110,7.0,25.0,2S,8.7,,,-3.5,,,0.83,‚Äî,‚Äî,‚Äî,‚Äî,QAEEWYFGKITRRESERLLLNPENPRGTFLVRESETTKGAYCLSVSDFDNAKGLNVKHYKIRKLDSGGFYITSRTQFSSLQQLVAYYSKHADGLCHRLTNVCPT,,AEEWYFGKITRRESERLLLNPENPRGTFLVRESETTKGAYCLSVSDFDNAKGLNVKHYKIRKLDSGGFYITSRTQFSSLQQLVAYYSKHADGLCHRLTNVCPT,103
42,NBR1-PB1 [29],2BKF (1‚Äì85),Œ±+Œ≤,Œ≤-Grasp (ubiquitin-like),85,100,5.0,25.0,2S*,6.2,,,-5.6,,,0.71,,,,,GAMEPQVTLNVTFKNEIQSFLVSDPENTTWADIEAMVKVSFDLNTIQIKYLDEENEEVSINSQGEYEEALKMAVKQGNQLQMQVHEG,,GAMEPQVTLNVTFKNEIQSFLVSDPENTTWADIEAMVKVSFDLNTIQIKYLDEENEEVSINSQGEYEEALKMAVKQGNQLQMQVH,85
43,Ribosomal protein S6 (Aquifex aeolicus) [30],2J5A (3‚Äì108),Œ±+Œ≤,Ferredoxin-like,106,110,6.3,25.0,2S,7.3,,,-10.9,,,0.74,,,,,MRHYKTLRYYETVFAVKPTLSEEEMKKKFEQVKEFIKQKGGEILYEEDWGMRQLAYPIQKFNNARYFLVQFKTENPQLPNELDFQLKIDEDVIRWLNIQIKESEVKKNAQ,,HYKTLRYYETVFAVKPTLSEEEMKKKFEQVKEFIKQKGGEILYEEDWGMRQLAYPIQKFNNARYFLVQFKTENPQLPNELDFQLKIDEDVIRWLNIQIKESEVKKN,106
44,B1 domain of protein L (Finegoldia magna)¬†[5],2PTL (18‚Äì77),Œ±+Œ≤,Œ≤-Grasp (ubiquitin-like),62,79,7.0,25.0,2S,4.1,,,-3.3,,,0.75,‚Äî,‚Äî,‚Äî,‚Äî,ENKEETPETPETDSEEEVTIKANLIFANGSTQTAEFKGTFEKATSEAYAYADTLKKDNGEYTVDVADKGYTLNIKFAG,,VTIKANLIFANGSTQTAEFKGTFEKATSEAYAYADTLKKDNGEYTVDVADKGYTLNIKFA,60
45,ACYP1 (Human) [31],2VH7 (5‚Äì98),Œ±+Œ≤,Ferredoxin-like,94,98,5.5,28.0,2S,0.84,0.72,,-6.5,-7.1,-7.0,0.72,‚Äî,‚Äî,‚Äî,‚Äî,MAEGNTLISVDYEIFGKVQGVFFRKHTQAEGKKLGLVGWVQNTDRGTVQGQLQGPISKVRHMQEWLETRGSPKSHIDKANFNNEKVILKLDYSDFQIVK,,NTLISVDYEIFGKVQGVFFRKHTQAEGKKLGLVGWVQNTDRGTVQGQLQGPISKVRHMQEWLETRGSPKSHIDKANFNNEKVILKLDYSDFQIV,94
46,CI2¬†[5],3CI2,Œ±+Œ≤,CI-2 family of serine protease inhibitors,64,64,7.0,25.0,2S,5.8,,,-10.3,,,0.58,‚Äî,‚Äî,‚Äî,‚Äî,WEIRD,,WEIRD,89
47,Apocytochrome¬†b5 hydrophilic domain [32],1EHB (3‚Äì84),Œ±+Œ≤,Cytochrome b5-like heme/steroid binding domain,82,104,7.0,10.0,2S,3.0,4.5,,-1.4,1.1,0.6,0.7,‚Äî,‚Äî,‚Äî,‚Äî,WEIRD,,WEIRD,89
48,Frataxin (Yeast) [33],2GA5,Œ≤,N domain of copper amine oxidase-like¬†,119,123,7.0,25.0,2S,5.4,,,-3.1,,,0.71,,,,,WEIRD,The refolding kinetics were measured in the presence of stabilizing ions (0.4 M sodium sulfate),WEIRD,89
49,IŒ∫BŒ± [34],1NFI (67‚Äì206),Œ≤,Common fold of diphtheria toxin/transcription factors/cytochrome f,140,140,7.5,25.0,2S*,1.8,,,-5.6,,,0.072,,,,,WEIRD,,WEIRD,89
50,Sso7d [35],1C8C,Œ≤,SH3-like barrel,64,64,6.1,20.0,2S,7.0,7.2,7.3,-3.2,-2.6,-2.6,0.63,‚Äî,‚Äî,‚Äî,‚Äî,MATVKFKYKGEEKQVDISKIKKVWRVGKMISFTYDEGGGKTGRGAVSEKDAPKELLQMLAKQKK,,MATVKFKYKGEEKQVDISKIKKVWRVGKMISFTYDEGGGKTGRGAVSEKDAPKELLQMLAKQKK,89
51,CheW (Thermotoga maritima)¬†[5],1K0S,Œ≤,OB-fold¬†,151,151,7.0,25.0,2S,7.4,,,-12.1,,,0.64,‚Äî,‚Äî,‚Äî,‚Äî,MKTLADALKEFEVLSFEIDEQALAFDVDNIEMVIEKSDITPVPKSRHFVEGVINLRGRIIPVVNLAKILGISFDEQKMKSIIVARTKDVEVGFLVDRVLGVLRITENQLDLTNVSDKFGKKSKGLVKTDGRLIIYLDIDKIIEEITVKEGV,,MKTLADALKEFEVLSFEIDEQALAFDVDNIEMVIEKSDITPVPKSRHFVEGVINLRGRIIPVVNLAKILGISFDEQKMKSIIVARTKDVEVGFLVDRVLGVLRITENQLDLTNVSDKFGKKSKGLVKTDGRLIIYLDIDKIIEEITVKEGV,89
52,CyPA (Escherichia coli) [36],1LOP,Œ≤,Cyclophilin-like¬†,164,164,7.0,20.0,2S,6.6,7.4,7.3,-10.4,-8.6,-8.3,0.57,‚Äî,‚Äî,‚Äî,‚Äî,MVTFHTNHGDIVIKTFDDKAPETVKNFLDYCREGFYNNTIFHRVINGFMIQGGGFEPGMKQKATKEPIKNEANNGLKNTRGTLAMARTQAPHSATAQFFINVVDNDFLNFSGESLQGWGYCVFAEVVDGMDEVDKIKGVATGRSGMHQDVPKEDVIIESVTVSE,,MVTFHTNHGDIVIKTFDDKAPETVKNFLDYCREGFYNNTIFHRVINGFMIQGGGFEPGMKQKATKEPIKNEANNGLKNTRGTLAMARTQAPHSATAQFFINVVDNDFLNFSGESLQGWGYCVFAEVVDGMDEVDKIKGVATGRSGMHQDVPKEDVIIESVTVSE,89
53,Protein S (N-terminal domain) [37],1PRS (1‚Äì88),Œ≤,ùõæ-Crystallin-like,88,88,7.0,20.0,2S,3.0,3.5,3.5,-9.4,-8.4,-8.4,0.62,‚Äî,‚Äî,‚Äî,‚Äî,MANITVFYNEDFQGKQVDLPPGNYTRAQLAALGIENNTISSVKVPPGVKAILYQNDGFAGDQIEVVANAEELGPLNNNVSSIRVISVPVQPRARFFYKEQFDGKEVDLPPGQYTQAELERYGIDNNTISSVKPQGLAVVLFKNDNFSGDTLPVNSDAPTLGAMNNNTSSIRIS,,MANITVFYNEDFQGKQVDLPPGNYTRAQLAALGIENNTISSVKVPPGVKAILYQNDGFAGDQIEVVANAEELGPLNNNVSSIRVISVP,88
54,Protein S (C-terminal domain) [37],1PRS (91‚Äì173),Œ≤,ùõæ-Crystallin-like,83,91,7.0,20.0,2S,-2.0,-1.6,-1.5,-9.3,-8.4,-8.9,0.84,‚Äî,‚Äî,‚Äî,‚Äî,MANITVFYNEDFQGKQVDLPPGNYTRAQLAALGIENNTISSVKVPPGVKAILYQNDGFAGDQIEVVANAEELGPLNNNVSSIRVISVPVQPRARFFYKEQFDGKEVDLPPGQYTQAELERYGIDNNTISSVKPQGLAVVLFKNDNFSGDTLPVNSDAPTLGAMNNNTSSIRIS,,PRARFFYKEQFDGKEVDLPPGQYTQAELERYGIDNNTISSVKPQGLAVVLFKNDNFSGDTLPVNSDAPTLGAMNNNTSSIRIS,83
55,CspB (Bacillus caldolyticus) [38],1C9O,Œ≤,OB-fold,66,66,7.0,25.0,2S,7.2,,,-0.45,,,0.93,‚Äî,‚Äî,‚Äî,‚Äî,MQRGKVKWFNNEKGYGFIEVEGGSDVFVHFTAIQGEGFKTLEEGQEVSFEIVQGNRGPQAANVVKL,,MQRGKVKWFNNEKGYGFIEVEGGSDVFVHFTAIQGEGFKTLEEGQEVSFEIVQGNRGPQAANVVKL,89
56,CspB (Bacillus subtilis) [38],1CSP,Œ≤,OB-fold,67,67,7.0,25.0,2S,6.5,,,2.3,,,0.91,‚Äî,‚Äî,‚Äî,‚Äî,MLEGKVKWFNSEKGFGFIEVEGQDDVFVHFSAIQGEGFKTLEEGQAVSFEIVEGNRGPQAANVTKEA,,MLEGKVKWFNSEKGFGFIEVEGQDDVFVHFSAIQGEGFKTLEEGQAVSFEIVEGNRGPQAANVTKEA,89
57,Cold shock-like protein (Thermotoga maritima) [38],1G6P,Œ≤,OB-fold,66,68,7.0,25.0,2S,6.3,,,-4.0,,,0.86,‚Äî,‚Äî,‚Äî,‚Äî,MRGKVKWFDSKKGYGFITKDEGGDVFVHWSAIEMEGFKTLKEGQVVEFEIQEGKKGPQAAHVKVVE,,MRGKVKWFDSKKGYGFITKDEGGDVFVHWSAIEMEGFKTLKEGQVVEFEIQEGKKGPQAAHVKVVE,89
58,FBP28 WW domain [39],1E0L,Œ≤,WW domain-like¬†,37,37,6.5,10.0,2S,10.1,10.7,10.8,5.8,6.8,6.6,0.71,7,25,‚Äî,10.62,GATAVSEWTEYKTADGKTYYYNNRTLESTWEKPQELK,"We reported the data for the wild-type protein (84), while the AG dataset reported those for the W30A mutant (85).",GATAVSEWTEYKTADGKTYYYNNRTLESTWEKPQELK,89
59,Prototype WW domain [40],1E0M,Œ≤,WW domain-based designs¬†,37,38,7.0,25.0,2S,8.9,,,7.1,,,0.64,‚Äî,‚Äî,‚Äî,‚Äî,SMGLPPGWDEYKTHNGKTYYYNHNTKTSTWTDPRMSS,,SMGLPPGWDEYKTHNGKTYYYNHNTKTSTWTDPRMSS,89
60,Hisactophilin [41],1HCD,Œ≤,Œ≤-Trefoil,118,118,6.7,20.0,2S,1.3,1.6,,-9.9,-9.5,,0.73,"7.7
 7.7","‚Äî
 ‚Äî",N2S,"4.6
 4.0",MGNRAFKSHHGHFLSAEGEAVKTHHGHHDHHTHFHVENHGGKVALKTHCGKYLSIGDHKQVYLSHHLHGDHSLFHLEHHGGKVSIKGHHHHYISADHHGHVSTKEHHDHDTTFEEIII,"We have adopted the data from reference (86), which is more updated than reference (87) adopted by the AG dataset.",MGNRAFKSHHGHFLSAEGEAVKTHHGHHDHHTHFHVENHGGKVALKTHCGKYLSIGDHKQVYLSHHLHGDHSLFHLEHHGGKVSIKGHHHHYISADHHGHVSTKEHHDHDTTFEEIII,89
61,Abp1 SH3¬†[5],1JO8,Œ≤,SH3-like barrel,58,68,7.0,25.0,2S,2.5,,,-2.7,,,0.88,‚Äî,‚Äî,‚Äî,‚Äî,PWATAEYDYDAAEDNELTFVENDKIINIEFVDDDWWLGELEKDGSKGLFPSNYVSLGN,"There is some evidence for the presence of a folding intermediate for a mutant of abp1 SH3, characterized by relaxation dispersion NMR (88). However, the intermediate was not highly populated under strongly native folding conditions, so that the folding type of this protein was classified as the 2S.",PWATAEYDYDAAEDNELTFVENDKIINIEFVDDDWWLGELEKDGSKGLFPSNYVSLGN,89
62,CAfn2 [44],1K85,Œ≤,Immunoglobulin-like Œ≤-sandwich,88,88,5.0,25.0,2S,1.4,,,-7.1,,,0.62,‚Äî,‚Äî,‚Äî,‚Äî,HMAPTAPTNLASTAQTTSSITLSWTASTDNVGVTGYDVYNGTALATTVTGTTATISGLAADTSYTFTVKAKDAAGNVSAASNAVSVKT,,HMAPTAPTNLASTAQTTSSITLSWTASTDNVGVTGYDVYNGTALATTVTGTTATISGLAADTSYTFTVKAKDAAGNVSAASNAVSVKT,89
63,hbLBD [45],1K8M (1‚Äì87),Œ≤,Barrel-sandwich hybrid¬†,87,93,7.5,22.0,2S,-0.94,-0.71,-0.73,-8.0,-7.5,-7.4,0.55,"‚Äî
 ‚Äî","‚Äî
 ‚Äî",‚Äî,"‚àí0.71
 ‚Äî",MGQVVQFKLSDIGEGIREVTVKEWYVKEGDTVSQFDSICEVQSDKASVTITSRYDGVIKKLYYNLDDIAYVGKPLVDIETEALKDLEHHHHHH,"Both the AG and our datasets adopted the same reference (90). Our reported ln(kf) value is identical with that of the Garbuzynskiy dataset, but the ACPro dataset reports a different value.",MGQVVQFKLSDIGEGIREVTVKEWYVKEGDTVSQFDSICEVQSDKASVTITSRYDGVIKKLYYNLDDIAYVGKPLVDIETEALKDLE,87
64,PDZ3 from PSD-95 [46],1TP3 (309‚Äì401),Œ≤,PDZ domain-like¬†,93,93,2.85,25.0,2S*,3.0,,,-3.4,,,0.56,‚Äî,‚Äî,N2S,‚Äî,WEIRD,"This protein is classified as a N2S protein in the AG dataset. Since the intermediate is a high-energy state not significantly populated during folding, it is classified as a 2S protein in our dataset.",WEIRD,89
65,YAP 65 WW domain [41],1K9Q,Œ≤,WW domain-like¬†,40,40,7.0,25.0,2S,8.4,,,6.7,,,0.78,‚Äî,‚Äî,‚Äî,‚Äî,FEIPDDVPLPAGWEMAKTSSGQRYFLNHIDQTTTWQDPRK,,FEIPDDVPLPAGWEMAKTSSGQRYFLNHIDQTTTWQDPRK,89
66,GW1 of Internalin B¬†[5],1M9S (391‚Äì466),Œ≤,SH3-like barrel,76,85,7.0,25.0,2S,4.0,,,-1.7,,,0.69,‚Äî,‚Äî,‚Äî,‚Äî,MGETITVSTPIKQIFPDDAFAETIKDNLKKKSVTDAVTQNELNSIDQIIANNSDIKSVQGIQYLPNVTKLFLNGNKLTDIKPLTNLKNLGWLFLDENKIKDLSSLKDLKKLKSLSLEHNGISDINGLVHLPQLESLYLGNNKITDITVLSRLTKLDTLSLEDNQISDIVPLAGLTKLQNLYLSKNHISDLRALAGLKNLDVLELFSQECLNKPINHQSNLVVPNTVKNTDGSLVTPEIISDDGDYEKPNVKWHLPEFTNEVSFIFYQPVTIGKAKARFHGRVTQPLKEVYTVSYDVDGTVIKTKVEAGTRITAPKPPTKQGYVFKGWYTEKNGGHEWNFNTDYMSGNDFTLYAVFKAETTEKTVNLTRYVKYIRGNAGIYKLPREDNSLKQGTLASHRCKALTVDREARNGGKLWYRLKNIGWTKAENLSLDRYDKMEYDKGVTAYARVRNASGNSVWTKPYNTAGAKHVNKLSVYQGKNMRILREAKTPITTWYQFSIGGKVIGWVDTRALNTFYKQSMEKPTRLTRYVSANKAGESYYKVPVADNPVKRGTLAKYKNQKLIVDCQATIEGQLWYRIRTSSTFIGWTKAANLRAQKLEHHHHHH,,QGTLASHRCKALTVDREARNGGKLWYRLKNIGWTKAENLSLDRYDKMEYDKGVTAYARVRNASGNSVWTKPYNTAG,76
67,CspA [47],1MJC,Œ≤,OB-fold,69,69,7.0,25.0,2S,5.3,,,1.4,,,0.94,‚Äî,‚Äî,‚Äî,‚Äî,SGKMTGIVKWFNADKGFGFITPDDGSKDVFVHFSAIQNDGYKSLDEGQKVSFTIESGAKGPAAGNVTSL,,SGKMTGIVKWFNADKGFGFITPDDGSKDVFVHFSAIQNDGYKSLDEGQKVSFTIESGAKGPAAGNVTSL,89
68,Pin WW domain [48],1PIN (6‚Äì39),Œ≤,WW domain-like¬†,34,34,7.0,39.5,2S,9.4,9.2,,6.2,5.2,,,‚Äî,‚Äî,‚Äî,‚Äî,MADEEKLPPGWEKRMSRSSGRVYYFNHITNASQWERPSGNSSSGGKNGQGEPARVRCSHLLVKHSQSRRPSSWRQEKITRTKEEALELINGYIQKIKSGEEDFESLASQFSDCSSAKARGDLGAFSRGQMQKPFEDASFALRTGEMSGPVFTDSGIHIILRTE,,KLPPGWEKRMSRSSGRVYYFNHITNASQWERPSG,34
69,PI3 SH3 [49],1PNJ (3‚Äì84),Œ≤,SH3-like barrel,82,82,7.2,25.0,2S,-0.69,,,-7.2,,,0.57,‚Äî,20,‚Äî,-1.04,GSMSAEGYQYRALYDYKKEREEDIDLHLGDILTVNKGSLVALGFSDGQEAKPEEIGWLNGYNETTGERGDFPGTYVEYIGRKKISP,"There is some evidence for initial non-specific chain collapse during the refolding of the PI3 SH3 domain (94). However, there is no cooperative transition between the collapsed and the unfolded states, indicating that the collapsed state may belong to the unfolded species, and hence, the folding of PI3 SH3 was classified as the 2S type. In the presence of a stabilizing salt (0.5 M sodium sulfate), however, the folding behavior of PI3 SH3 changed from the 2S to the N2S type with a stable folding intermediate (95).",MSAEGYQYRALYDYKKEREEDIDLHLGDILTVNKGSLVALGFSDGQEAKPEEIGWLNGYNETTGERGDFPGTYVEYIGRKKI,82
70,MTCP1 oncogene product P13 [51],1QTU (1‚Äì115),Œ≤,Oncogene products¬†,115,117,7.0,21.0,2S,-0.36,0.08,0.17,-11.1,-10.1,-10.5,0.76,"‚Äî
 ‚Äî","‚Äî
 ‚Äî",‚Äî,"‚Äî
 0.0",GSMAGEDVGAPPDHLWVHQEGIYRDEYQRTWVAVVEEETSFLRARVQQIQVPLGDAARPSHLLTSQLPLMWQLYPEERYMDNNSRLWQIQHHLMVRGVQELLLKLLPDDRSPGIHRD,"Both the AG and our datasets adopted the same reference (96). Our reported ln(kf) value is identical with that of the ACPro dataset, but the Garbuzynskiy dataset reports a different value.",GSMAGEDVGAPPDHLWVHQEGIYRDEYQRTWVAVVEEETSFLRARVQQIQVPLGDAARPSHLLTSQLPLMWQLYPEERYMDNNSRLWQIQHHLMVRGVQELLLKLLPDDRSPGIH,115
71,FGF-1 (Human) [52],1RG8,Œ≤,Œ≤-Trefoil¬†,137,140,6.6,25.0,2S,1.3,,,-7.1,,,0.93,,,,,WEIRD,,WEIRD,89
72,Fyn SH3¬†[5],1AVZ (Chain C: 85‚Äì141),Œ≤,Regulatory factor Nef,57,78,7.0,25.0,2S,4.9,,,-4.3,,,0.75,‚Äî,‚Äî,‚Äî,‚Äî,WEIRD,"There is some evidence for the presence of a low-populated folding intermediate for Fyn SH3 mutants characterized by relaxation dispersion NMR (98, 99). However, the intermediate was not highly populated under strongly native folding conditions, and the stopped-flow kinetics of refolding were well represented by a 2S model (100). The folding of Fyn SH3 was thus classified as the 2S type.",WEIRD,89
73,Œ±-spectrin SH3¬†[5],1SHG (6‚Äì62),Œ≤,SH3-like barrel,57,62,7.0,25.0,2S,1.1,,,-4.8,,,0.8,‚Äî,‚Äî,‚Äî,‚Äî,MDETGKELVLALYDYQEKSPREVTMKKGDILTLLNSTNKDWWKVEVNDRQGFVPAAYVKKLD,"There are reports suggesting the presence of the intermediate species in Œ±-spectrin SH3 (101). However, the majority of the folding reaction under native folding conditions is well represented by the 2S mechanism.",KELVLALYDYQEKSPREVTMKKGDILTLLNSTNKDWWKVEVNDRQGFVPAAYVKKLD,57
74,Src SH3¬†[5],1SRL (9‚Äì64),Œ≤,SH3-like barrel,56,61,7.0,25.0,2S,4.4,,,-1.3,,,0.71,‚Äî,‚Äî,‚Äî,‚Äî,GALAGGVTTFVALYDYESRTETDLSFKKGERLQIVNNTEGDWWLAHSLTTGQTGYIPSNYVAPS,"There are reports indicating the presence of an Œ±-helical burst-phase intermediate in the kinetic refolding of src SH3, particularly at acid pH at a low temperature (4¬∞C or lower) in the presence of an anti-freezing agent (ethylene glycol) (102, 103). Unfortunately, however, there is no quantitative analysis of the src SH3 folding, based on the N2S model under native folding conditions (neutral pH and 25¬∞C), and the previous quantitative analysis of the src SH3 folding was based on the 2S model (5, 104). We thus temporarily leave the folding-type classification of this protein as the 2S type.",TFVALYDYESRTETDLSFKKGERLQIVNNTEGDWWLAHSLTTGQTGYIPSNYVAPS,56
75,Tenascin 3FNIII [60],1TEN (803‚Äì891),Œ≤,Immunoglobulin-like Œ≤-sandwich¬†,89,90,5.0,25.0,2S,1.8,,,-8.6,,,0.79,‚Äî,20,‚Äî,1.06,WEIRD,"We have adopted the data from reference (105), which is more updated than reference (106) adopted by the AG dataset.",WEIRD,89
76,Twitchin [62],1WIT,Œ≤,Immunoglobulin-like Œ≤-sandwich¬†,93,93,5.0,20.0,2S,0.41,0.85,0.9,-8.2,-7.2,-7.4,0.7,‚Äî,‚Äî,‚Äî,‚Äî,LKPKILTASRKIKIKAGFTHNLEVDFIGAPDPTATWTVGDSGAALAPELLVDAKSSTTSIFFPSAKRADSGNYKLKVKNELGEDEAIFEVIVQ,,LKPKILTASRKIKIKAGFTHNLEVDFIGAPDPTATWTVGDSGAALAPELLVDAKSSTTSIFFPSAKRADSGNYKLKVKNELGEDEAIFEVIVQ,89
77,Sho1 SH3 (Yeast)¬†[5],2VKN (1‚Äì66),Œ≤,Membrane protein,66,76,7.0,25.0,2S,2.1,,,-2.5,,,0.68,"‚Äî
 NA","‚Äî
 NA","N2S
 NA","‚Äî
 NA",DDNFIYKAKALYPYDADDDDAYEISFEQNEILQVSDIEGRWWKARRANGETGIIPSNYVQLIDGPEEMHR,"Both the ACPro and our datasets adopted the same reference (5). We classified the folding type as the 2S type according to the reference, but the ACPro dataset classified it as the N2S type.",DDNFIYKAKALYPYDADDDDAYEISFEQNEILQVSDIEGRWWKARRANGETGIIPSNYVQLIDGPE,66
78,9FNIII [63],1FNF (1325‚Äì1415),Œ≤,Immunoglobulin-like Œ≤-sandwich,91,91,5.2,25.0,2S,-0.9,,,,,,0.7,‚Äî,‚Äî,"N2S¬†
 ‚Äî",‚Äî,WEIRD,"Both the AG and our datasets adopted the same reference (108). The Garbuzynskiy and our datasets classified the folding type as the 2S type according to the reference, but the ACPro dataset classified it as the N2S type.",WEIRD,89
79,PDZ2 from PTP-BL [64],1GM1 (9‚Äì102),Œ≤,PDZ domain-like¬†,94,94,7.0,25.0,2S*,1.0,,,-3.9,,,0.53,"‚Äî
 ‚Äî","‚Äî
 ‚Äî",N2S,"‚Äî
 0.8",KPGDTFEVELAKTDGSLGISVTGGVNTSVRHGGIYVKAIIPKGAAESDGRIHKGDRVLAVNGVSLEGATHKQAVETLRNTGQVVHLLLEKGQVP,"Both the AG and our datasets adopted the same reference (109). Our reported ln(kf) value is identical with that of the ACPro dataset, but the Garbuzynskiy dataset reports a different value. Although this protein is classified as a N2S protein in the AG dataset, the intermediate is a high-energy state, not significantly populated during folding, so that it is classified as a 2S protein in our dataset.",ELAKTDGSLGISVTGGVNTSVRHGGIYVKAIIPKGAAESDGRIHKGDRVLAVNGVSLEGATHKQAVETLRNTGQVVHLLLEKGQVP,86
80,SPCp41 [65],2JMC,Œ≤,SH3-like barrel,75,75,7.0,25.0,2S,3.3,,,-1.6,,,0.76,,,,,WEIRD,,WEIRD,89
81,FGF-2 (Human) [66],1FGA (20‚Äì143),Œ≤,Œ≤-Trefoil¬†,124,153,7.0,25.0,2S,-1.4,,,-10.4,,,0.82,,,,,PALPEDGGSGAFPPGHFKDPKRLYCKNGGFFLRIHPDGRVDGVREKSDPHIKLQLQAEERGVVSIKGVCANRYLAMKEDGRLLASKCVTDECFFFERLESNNYNTYRSRKYTSWYVALKRTGQYKLGSKTGPGQKAILFLPMSAKS,,PKRLYCKNGGFFLRIHPDGRVDGVREKSDPHIKLQLQAEERGVVSIKGVCANRYLAMKEDGRLLASKCVTDECFFFERLESNNYNTYRSRKYTSWYVALKRTGQYKLGSKTGPGQKAILFLPMS,124
82,PDZ1 from PSD-95 [67],3ZRT (3‚Äì93),Œ≤,PDZ domain-like¬†,91,91,7.4,25.0,2S*,1.3,,,-7.3,,,0.66,,,,,MHHHHHPRGSMEYEEITLERGNSGLGFSIAGGTDNPHIGDDPSIFITKIIPGGAAAQDGRLRVNDSILFVNEVDVREVTHSAAVEALKEAGSIVRLYVMRRKPPAEKVMEIKLIKGPKGLGFSIAGGVGNQHIPGDNSIYVTKIIEGGAAHKDGRLQIGDKILAVNSVGLEDVMHEDAVAALKNTYDVVYLKVAKPSNA,,HHHHPRGSMEYEEITLERGNSGLGFSIAGGTDNPHIGDDPSIFITKIIPGGAAAQDGRLRVNDSILFVNEVDVREVTHSAAVEALKEAGSI,91
83,PDZ2 from PSD-95 [67],3ZRT (97‚Äì189),Œ≤,PDZ domain-like¬†,93,95,5.45,25.0,2S*,0.3,,,-6.6,,,0.51,,,,,MHHHHHPRGSMEYEEITLERGNSGLGFSIAGGTDNPHIGDDPSIFITKIIPGGAAAQDGRLRVNDSILFVNEVDVREVTHSAAVEALKEAGSIVRLYVMRRKPPAEKVMEIKLIKGPKGLGFSIAGGVGNQHIPGDNSIYVTKIIEGGAAHKDGRLQIGDKILAVNSVGLEDVMHEDAVAALKNTYDVVYLKVAKPSNA,,YVMRRKPPAEKVMEIKLIKGPKGLGFSIAGGVGNQHIPGDNSIYVTKIIEGGAAHKDGRLQIGDKILAVNSVGLEDVMHEDAVAALKNTYDVV,93
84,nNOS PDZ [67],1QAU (14‚Äì125),Œ≤,PDZ domain-like¬†,112,132,4.0,25.0,2S*,1.8,,,-4.1,,,0.21,,,,,WEIRD,,WEIRD,89
85,Symfoil-4T [68],3O4B (11‚Äì147),Œ≤,Œ≤-Trefoil¬†,137,140,6.6,25.0,2S,4.3,,,-11.4,,,0.83,,,,,WEIRD,,WEIRD,89
86,Symfoil-1 [68],3O49,Œ≤,Œ≤-Trefoil¬†,127,140,6.6,25.0,2S,1.7,,,-9.0,,,0.82,,,,,WEIRD,,WEIRD,89
87,Symfoil-4P [68],3O4D,Œ≤,Œ≤-Trefoil¬†,126,140,6.6,25.0,2S,4.9,,,-13.7,,,0.84,,,,,WEIRD,,WEIRD,89
88,gpW [69],2L6R,Œ≤,gpW/XkdW-like¬†,62,62,6.0,37.0,2S,10.3,9.9,,,,,,,,,,MVRQEELAAARAALHDLMTGKRVATVQKDGRRVEFTATSVSDLKKYIAELEVQTGMTQRRRG,"The protein is a downhill folder, which shows barrier-free folding, and hence the temperature correction is tentative. ",MVRQEELAAARAALHDLMTGKRVATVQKDGRRVEFTATSVSDLKKYIAELEVQTGMTQRRRG,89
89,PDZ2 from SAP97 [70],2X7Z (311‚Äì407),Œ≤,PDZ domain-like¬†,97,97,7.5,25.0,2S*,0.74,,,-6.2,,,0.76,,,,,WEIRD,,WEIRD,89
